id,date,hour,time,user_id,room_id
1,4/15/2021,12:41 PM,11,48,43
2,6/28/2021,7:01 PM,20,41,5
3,9/15/2021,3:22 PM,22,47,41
4,2/12/2021,10:28 PM,6,44,35
5,10/19/2020,8:20 AM,4,29,2
6,1/11/2021,5:51 AM,11,48,42
7,2/1/2021,5:00 AM,4,50,33
8,9/2/2021,9:00 AM,14,30,12
9,10/3/2020,7:57 AM,24,50,23
10,10/30/2020,3:54 AM,6,45,30
11,8/17/2021,3:35 PM,20,43,32
12,8/16/2021,7:49 AM,18,37,25
13,6/19/2021,2:01 PM,1,42,14
14,9/13/2021,7:35 PM,5,33,1
15,9/12/2021,1:56 AM,5,32,7
16,4/4/2021,7:03 PM,15,31,50
17,6/7/2021,6:49 PM,4,25,45
18,3/4/2021,5:44 PM,4,25,7
19,2/5/2021,7:41 PM,4,33,18
20,4/3/2021,6:53 PM,11,45,8
21,5/1/2021,5:53 PM,1,29,50
22,8/16/2021,2:33 PM,24,42,15
23,9/8/2021,8:39 AM,22,50,33
24,9/20/2021,2:47 AM,16,31,7
25,8/6/2021,8:04 PM,23,25,27
26,5/16/2021,8:48 PM,10,32,50
27,2/23/2021,9:43 PM,4,30,24
28,5/5/2021,10:13 AM,2,29,10
29,1/27/2021,2:30 PM,17,29,7
30,4/20/2021,9:26 PM,21,41,41
31,9/8/2021,1:37 PM,13,49,45
32,9/10/2021,6:38 PM,11,37,42
33,10/25/2020,3:38 AM,24,32,29
34,9/20/2021,5:46 AM,24,39,13
35,12/20/2020,9:58 PM,10,41,44
36,8/20/2021,12:41 PM,6,37,33
37,7/2/2021,2:38 AM,1,39,36
38,8/11/2021,2:52 PM,20,37,23
39,3/20/2021,5:32 AM,20,33,38
40,9/14/2021,7:52 PM,4,27,24
41,7/28/2021,9:14 AM,17,47,47
42,5/12/2021,2:50 AM,12,48,24
43,11/21/2020,4:24 PM,24,44,31
44,1/22/2021,10:48 AM,21,35,49
45,8/23/2021,6:29 AM,21,34,13
46,4/11/2021,8:22 AM,8,37,18
47,11/22/2020,7:48 AM,14,35,27
48,1/16/2021,4:57 AM,8,46,47
49,10/23/2020,1:50 AM,4,28,13
50,6/29/2021,5:06 AM,10,42,10
